storyid	questionid	answer_sentenceid	answer
8bbe6d11-1e2e-413c-bf81-eaea05f4f1bd	8bbe6d11-1e2e-413c-bf81-eaea05f4f1bd_Q0	8bbe6d11-1e2e-413c-bf81-eaea05f4f1bd_2	He'd been eating too much fast food lately.
8bbe6d11-1e2e-413c-bf81-eaea05f4f1bd	8bbe6d11-1e2e-413c-bf81-eaea05f4f1bd_Q1	8bbe6d11-1e2e-413c-bf81-eaea05f4f1bd_3	He started a vegeterian diet
8bbe6d11-1e2e-413c-bf81-eaea05f4f1bd	8bbe6d11-1e2e-413c-bf81-eaea05f4f1bd_Q2	8bbe6d11-1e2e-413c-bf81-eaea05f4f1bd_4	After a few weeks
8bbe6d11-1e2e-413c-bf81-eaea05f4f1bd	8bbe6d11-1e2e-413c-bf81-eaea05f4f1bd_Q3	-	-
0beabab2-fb49-460e-a6e6-f35a202e3348	0beabab2-fb49-460e-a6e6-f35a202e3348_Q0	0beabab2-fb49-460e-a6e6-f35a202e3348_0	Tom
0beabab2-fb49-460e-a6e6-f35a202e3348	0beabab2-fb49-460e-a6e6-f35a202e3348_Q1	0beabab2-fb49-460e-a6e6-f35a202e3348_1	A guest
0beabab2-fb49-460e-a6e6-f35a202e3348	0beabab2-fb49-460e-a6e6-f35a202e3348_Q2	0beabab2-fb49-460e-a6e6-f35a202e3348_2	He punched a hole in the wall of his house.
0beabab2-fb49-460e-a6e6-f35a202e3348	0beabab2-fb49-460e-a6e6-f35a202e3348_Q3	0beabab2-fb49-460e-a6e6-f35a202e3348_4	Tom sat on his couch filled with regret about his actions.
87da1a22-df0b-410c-b186-439700b70ba6	87da1a22-df0b-410c-b186-439700b70ba6_Q0	87da1a22-df0b-410c-b186-439700b70ba6_1	All of his clothes were either too formal or too casual.
87da1a22-df0b-410c-b186-439700b70ba6	87da1a22-df0b-410c-b186-439700b70ba6_Q1	-	-
87da1a22-df0b-410c-b186-439700b70ba6	87da1a22-df0b-410c-b186-439700b70ba6_Q2	87da1a22-df0b-410c-b186-439700b70ba6_2	a pair of khakis
87da1a22-df0b-410c-b186-439700b70ba6	87da1a22-df0b-410c-b186-439700b70ba6_Q3	87da1a22-df0b-410c-b186-439700b70ba6_3	yes, perfectly.
2d16bcd6-692a-4fc0-8e7c-4a6f81d9efa9	2d16bcd6-692a-4fc0-8e7c-4a6f81d9efa9_Q0	2d16bcd6-692a-4fc0-8e7c-4a6f81d9efa9_1	Bill
2d16bcd6-692a-4fc0-8e7c-4a6f81d9efa9	2d16bcd6-692a-4fc0-8e7c-4a6f81d9efa9_Q1	2d16bcd6-692a-4fc0-8e7c-4a6f81d9efa9_4	the truck he wanted
2d16bcd6-692a-4fc0-8e7c-4a6f81d9efa9	2d16bcd6-692a-4fc0-8e7c-4a6f81d9efa9_Q2	2d16bcd6-692a-4fc0-8e7c-4a6f81d9efa9_0	Bobby
2d16bcd6-692a-4fc0-8e7c-4a6f81d9efa9	2d16bcd6-692a-4fc0-8e7c-4a6f81d9efa9_Q3	-	-
c71bb23b-7731-4233-8298-76ba6886cee1	c71bb23b-7731-4233-8298-76ba6886cee1_Q0	c71bb23b-7731-4233-8298-76ba6886cee1_0	a pastor
c71bb23b-7731-4233-8298-76ba6886cee1	c71bb23b-7731-4233-8298-76ba6886cee1_Q1	c71bb23b-7731-4233-8298-76ba6886cee1_3	on Sundays
c71bb23b-7731-4233-8298-76ba6886cee1	c71bb23b-7731-4233-8298-76ba6886cee1_Q2	c71bb23b-7731-4233-8298-76ba6886cee1_4	Yes, his congregation was delighted.
c71bb23b-7731-4233-8298-76ba6886cee1	c71bb23b-7731-4233-8298-76ba6886cee1_Q3	-	-
4d7b022e-25d2-4300-a9b0-24ab35f4045b	4d7b022e-25d2-4300-a9b0-24ab35f4045b_Q0	4d7b022e-25d2-4300-a9b0-24ab35f4045b_0	the big aquarium
4d7b022e-25d2-4300-a9b0-24ab35f4045b	4d7b022e-25d2-4300-a9b0-24ab35f4045b_Q1	4d7b022e-25d2-4300-a9b0-24ab35f4045b_1	two hours
4d7b022e-25d2-4300-a9b0-24ab35f4045b	4d7b022e-25d2-4300-a9b0-24ab35f4045b_Q2	4d7b022e-25d2-4300-a9b0-24ab35f4045b_3	sharks, tropical fish and many others
4d7b022e-25d2-4300-a9b0-24ab35f4045b	4d7b022e-25d2-4300-a9b0-24ab35f4045b_Q3	4d7b022e-25d2-4300-a9b0-24ab35f4045b_4	five hours
8036c905-f23e-4976-83a1-85d679b5e0c2	8036c905-f23e-4976-83a1-85d679b5e0c2_Q0	8036c905-f23e-4976-83a1-85d679b5e0c2_0	The math teacher
8036c905-f23e-4976-83a1-85d679b5e0c2	8036c905-f23e-4976-83a1-85d679b5e0c2_Q1	8036c905-f23e-4976-83a1-85d679b5e0c2_3	5 minutes later
8036c905-f23e-4976-83a1-85d679b5e0c2	8036c905-f23e-4976-83a1-85d679b5e0c2_Q2	8036c905-f23e-4976-83a1-85d679b5e0c2_1	some students
8036c905-f23e-4976-83a1-85d679b5e0c2	8036c905-f23e-4976-83a1-85d679b5e0c2_Q3	8036c905-f23e-4976-83a1-85d679b5e0c2_4	confident
77338898-07d4-4143-8451-284540c8b082	77338898-07d4-4143-8451-284540c8b082_Q0	77338898-07d4-4143-8451-284540c8b082_1	4 hours away from me
77338898-07d4-4143-8451-284540c8b082	77338898-07d4-4143-8451-284540c8b082_Q1	77338898-07d4-4143-8451-284540c8b082_0	on the internet
77338898-07d4-4143-8451-284540c8b082	77338898-07d4-4143-8451-284540c8b082_Q2	77338898-07d4-4143-8451-284540c8b082_3	for a week or two
77338898-07d4-4143-8451-284540c8b082	77338898-07d4-4143-8451-284540c8b082_Q3	77338898-07d4-4143-8451-284540c8b082_4	We decided we couldn't be apart.
110fafd1-2bb7-4ffe-aac7-475706165d41	110fafd1-2bb7-4ffe-aac7-475706165d41_Q0	110fafd1-2bb7-4ffe-aac7-475706165d41_0	when I was 4 years old
110fafd1-2bb7-4ffe-aac7-475706165d41	110fafd1-2bb7-4ffe-aac7-475706165d41_Q1	110fafd1-2bb7-4ffe-aac7-475706165d41_1	35
110fafd1-2bb7-4ffe-aac7-475706165d41	110fafd1-2bb7-4ffe-aac7-475706165d41_Q2	110fafd1-2bb7-4ffe-aac7-475706165d41_1	brown
110fafd1-2bb7-4ffe-aac7-475706165d41	110fafd1-2bb7-4ffe-aac7-475706165d41_Q3	110fafd1-2bb7-4ffe-aac7-475706165d41_4	listen to my radio
13573c2e-5eed-40eb-bbe5-ed259b5c76a6	13573c2e-5eed-40eb-bbe5-ed259b5c76a6_Q0	13573c2e-5eed-40eb-bbe5-ed259b5c76a6_0	corn
13573c2e-5eed-40eb-bbe5-ed259b5c76a6	13573c2e-5eed-40eb-bbe5-ed259b5c76a6_Q1	13573c2e-5eed-40eb-bbe5-ed259b5c76a6_1	in her backyard
13573c2e-5eed-40eb-bbe5-ed259b5c76a6	13573c2e-5eed-40eb-bbe5-ed259b5c76a6_Q2	13573c2e-5eed-40eb-bbe5-ed259b5c76a6_3	corn required too much water
13573c2e-5eed-40eb-bbe5-ed259b5c76a6	13573c2e-5eed-40eb-bbe5-ed259b5c76a6_Q3	13573c2e-5eed-40eb-bbe5-ed259b5c76a6_4	her corn garden idea
c400d38a-54fc-45da-99ed-558fcfc81016	c400d38a-54fc-45da-99ed-558fcfc81016_Q0	c400d38a-54fc-45da-99ed-558fcfc81016_2	green
c400d38a-54fc-45da-99ed-558fcfc81016	c400d38a-54fc-45da-99ed-558fcfc81016_Q1	c400d38a-54fc-45da-99ed-558fcfc81016_2	green
c400d38a-54fc-45da-99ed-558fcfc81016	c400d38a-54fc-45da-99ed-558fcfc81016_Q2	c400d38a-54fc-45da-99ed-558fcfc81016_3	the stylist
c400d38a-54fc-45da-99ed-558fcfc81016	c400d38a-54fc-45da-99ed-558fcfc81016_Q3	c400d38a-54fc-45da-99ed-558fcfc81016_3	No, he regretted it.
8fbef343-8806-4bcf-9326-08ca6ebf6cb9	8fbef343-8806-4bcf-9326-08ca6ebf6cb9_Q0	8fbef343-8806-4bcf-9326-08ca6ebf6cb9_0	hockey
8fbef343-8806-4bcf-9326-08ca6ebf6cb9	8fbef343-8806-4bcf-9326-08ca6ebf6cb9_Q1	8fbef343-8806-4bcf-9326-08ca6ebf6cb9_2	Luke
8fbef343-8806-4bcf-9326-08ca6ebf6cb9	8fbef343-8806-4bcf-9326-08ca6ebf6cb9_Q2	8fbef343-8806-4bcf-9326-08ca6ebf6cb9_3	everybody
8fbef343-8806-4bcf-9326-08ca6ebf6cb9	8fbef343-8806-4bcf-9326-08ca6ebf6cb9_Q3	8fbef343-8806-4bcf-9326-08ca6ebf6cb9_4	Luke was so proud of himself.
3be3719a-ae77-4106-88ea-988afb19db99	3be3719a-ae77-4106-88ea-988afb19db99_Q0	3be3719a-ae77-4106-88ea-988afb19db99_1	his leg cramped up
3be3719a-ae77-4106-88ea-988afb19db99	3be3719a-ae77-4106-88ea-988afb19db99_Q1	3be3719a-ae77-4106-88ea-988afb19db99_3	a minute
3be3719a-ae77-4106-88ea-988afb19db99	3be3719a-ae77-4106-88ea-988afb19db99_Q2	3be3719a-ae77-4106-88ea-988afb19db99_4	Yes, he finished the race in second place
3be3719a-ae77-4106-88ea-988afb19db99	3be3719a-ae77-4106-88ea-988afb19db99_Q3	3be3719a-ae77-4106-88ea-988afb19db99_4	second
a8d6e66b-da81-4dc7-a470-67f2ab32b9e6	a8d6e66b-da81-4dc7-a470-67f2ab32b9e6_Q0	a8d6e66b-da81-4dc7-a470-67f2ab32b9e6_0	Jude
a8d6e66b-da81-4dc7-a470-67f2ab32b9e6	a8d6e66b-da81-4dc7-a470-67f2ab32b9e6_Q1	a8d6e66b-da81-4dc7-a470-67f2ab32b9e6_1	at the arena
a8d6e66b-da81-4dc7-a470-67f2ab32b9e6	a8d6e66b-da81-4dc7-a470-67f2ab32b9e6_Q2	a8d6e66b-da81-4dc7-a470-67f2ab32b9e6_4	Yes, the traffic cleared up in time for him to get to the ceremony
a8d6e66b-da81-4dc7-a470-67f2ab32b9e6	a8d6e66b-da81-4dc7-a470-67f2ab32b9e6_Q3	-	-
8fba56f8-e9f8-45a9-a5b9-8adf1744e1ba	8fba56f8-e9f8-45a9-a5b9-8adf1744e1ba_Q0	8fba56f8-e9f8-45a9-a5b9-8adf1744e1ba_0	Santa Claus
8fba56f8-e9f8-45a9-a5b9-8adf1744e1ba	8fba56f8-e9f8-45a9-a5b9-8adf1744e1ba_Q1	8fba56f8-e9f8-45a9-a5b9-8adf1744e1ba_1	a letter
8fba56f8-e9f8-45a9-a5b9-8adf1744e1ba	8fba56f8-e9f8-45a9-a5b9-8adf1744e1ba_Q2	8fba56f8-e9f8-45a9-a5b9-8adf1744e1ba_2	No, Beth did not think that it sounded like the real Santa.
8fba56f8-e9f8-45a9-a5b9-8adf1744e1ba	8fba56f8-e9f8-45a9-a5b9-8adf1744e1ba_Q3	8fba56f8-e9f8-45a9-a5b9-8adf1744e1ba_3	a fake
b94e1810-9869-4af6-bb74-b4a51c46f3d2	b94e1810-9869-4af6-bb74-b4a51c46f3d2_Q0	b94e1810-9869-4af6-bb74-b4a51c46f3d2_3	He took the the bus
b94e1810-9869-4af6-bb74-b4a51c46f3d2	b94e1810-9869-4af6-bb74-b4a51c46f3d2_Q1	b94e1810-9869-4af6-bb74-b4a51c46f3d2_1	his girlfriend
b94e1810-9869-4af6-bb74-b4a51c46f3d2	b94e1810-9869-4af6-bb74-b4a51c46f3d2_Q2	b94e1810-9869-4af6-bb74-b4a51c46f3d2_2	his brother
b94e1810-9869-4af6-bb74-b4a51c46f3d2	b94e1810-9869-4af6-bb74-b4a51c46f3d2_Q3	-	-
ae7e744e-fd27-46c2-befb-7e8427cb679c	ae7e744e-fd27-46c2-befb-7e8427cb679c_Q0	ae7e744e-fd27-46c2-befb-7e8427cb679c_0	thunder
ae7e744e-fd27-46c2-befb-7e8427cb679c	ae7e744e-fd27-46c2-befb-7e8427cb679c_Q1	ae7e744e-fd27-46c2-befb-7e8427cb679c_3	in the kneehole of my desk
f3643541-c339-4377-851d-144ea400d551	f3643541-c339-4377-851d-144ea400d551_Q0	f3643541-c339-4377-851d-144ea400d551_1	She passed away
f3643541-c339-4377-851d-144ea400d551	f3643541-c339-4377-851d-144ea400d551_Q1	f3643541-c339-4377-851d-144ea400d551_0	Eric
f3643541-c339-4377-851d-144ea400d551	f3643541-c339-4377-851d-144ea400d551_Q2	f3643541-c339-4377-851d-144ea400d551_3	5 years
f3643541-c339-4377-851d-144ea400d551	f3643541-c339-4377-851d-144ea400d551_Q3	f3643541-c339-4377-851d-144ea400d551_2	Eric and Meg
2ef3788f-6b2b-45c8-b6ba-71450d565e6a	2ef3788f-6b2b-45c8-b6ba-71450d565e6a_Q0	2ef3788f-6b2b-45c8-b6ba-71450d565e6a_1	Saco, Maine
2ef3788f-6b2b-45c8-b6ba-71450d565e6a	2ef3788f-6b2b-45c8-b6ba-71450d565e6a_Q1	2ef3788f-6b2b-45c8-b6ba-71450d565e6a_2	at Gritty's in Portland
2ef3788f-6b2b-45c8-b6ba-71450d565e6a	2ef3788f-6b2b-45c8-b6ba-71450d565e6a_Q2	2ef3788f-6b2b-45c8-b6ba-71450d565e6a_1	I took the Amtrak from Boston to Saco, Maine.
2ef3788f-6b2b-45c8-b6ba-71450d565e6a	2ef3788f-6b2b-45c8-b6ba-71450d565e6a_Q3	2ef3788f-6b2b-45c8-b6ba-71450d565e6a_3	my friend
9a66b66d-034d-495e-a60e-e22c25e0e0fa	9a66b66d-034d-495e-a60e-e22c25e0e0fa_Q0	9a66b66d-034d-495e-a60e-e22c25e0e0fa_0	tacos
9a66b66d-034d-495e-a60e-e22c25e0e0fa	9a66b66d-034d-495e-a60e-e22c25e0e0fa_Q1	9a66b66d-034d-495e-a60e-e22c25e0e0fa_3	Heather
aab4ee80-fc00-4d9c-a127-a63b54dfd193	aab4ee80-fc00-4d9c-a127-a63b54dfd193_Q0	-	-
a107d361-e8a4-4cb6-8ffb-623a4c49ee1e	a107d361-e8a4-4cb6-8ffb-623a4c49ee1e_Q0	a107d361-e8a4-4cb6-8ffb-623a4c49ee1e_0	five
a107d361-e8a4-4cb6-8ffb-623a4c49ee1e	a107d361-e8a4-4cb6-8ffb-623a4c49ee1e_Q1	a107d361-e8a4-4cb6-8ffb-623a4c49ee1e_2	two, twin girls
a107d361-e8a4-4cb6-8ffb-623a4c49ee1e	a107d361-e8a4-4cb6-8ffb-623a4c49ee1e_Q2	a107d361-e8a4-4cb6-8ffb-623a4c49ee1e_3	Stacy is selling all her maternity and baby clothes
a107d361-e8a4-4cb6-8ffb-623a4c49ee1e	a107d361-e8a4-4cb6-8ffb-623a4c49ee1e_Q3	a107d361-e8a4-4cb6-8ffb-623a4c49ee1e_4	She says she has changed her mind about wanting five kids!
04c164f6-da41-48a3-8aa3-eb7b650bb5f0	04c164f6-da41-48a3-8aa3-eb7b650bb5f0_Q0	04c164f6-da41-48a3-8aa3-eb7b650bb5f0_0	at an accounting firm
04c164f6-da41-48a3-8aa3-eb7b650bb5f0	04c164f6-da41-48a3-8aa3-eb7b650bb5f0_Q1	04c164f6-da41-48a3-8aa3-eb7b650bb5f0_2	No, he grew tired of doing the same thing every day.
04c164f6-da41-48a3-8aa3-eb7b650bb5f0	04c164f6-da41-48a3-8aa3-eb7b650bb5f0_Q2	-	-
04c164f6-da41-48a3-8aa3-eb7b650bb5f0	04c164f6-da41-48a3-8aa3-eb7b650bb5f0_Q3	04c164f6-da41-48a3-8aa3-eb7b650bb5f0_4	By lunch the whole office had passed out and nothing got done.
8ca3cedb-510e-4454-ba08-93eaa605563b	8ca3cedb-510e-4454-ba08-93eaa605563b_Q0	8ca3cedb-510e-4454-ba08-93eaa605563b_0	six
8ca3cedb-510e-4454-ba08-93eaa605563b	8ca3cedb-510e-4454-ba08-93eaa605563b_Q1	8ca3cedb-510e-4454-ba08-93eaa605563b_3	Her mom
8ca3cedb-510e-4454-ba08-93eaa605563b	8ca3cedb-510e-4454-ba08-93eaa605563b_Q2	8ca3cedb-510e-4454-ba08-93eaa605563b_4	Yes
8ca3cedb-510e-4454-ba08-93eaa605563b	8ca3cedb-510e-4454-ba08-93eaa605563b_Q3	8ca3cedb-510e-4454-ba08-93eaa605563b_2	to the pool
271616db-90c2-4303-9c2b-64f4061ceb56	271616db-90c2-4303-9c2b-64f4061ceb56_Q0	271616db-90c2-4303-9c2b-64f4061ceb56_1	a wallet
271616db-90c2-4303-9c2b-64f4061ceb56	271616db-90c2-4303-9c2b-64f4061ceb56_Q1	271616db-90c2-4303-9c2b-64f4061ceb56_2	the police station
271616db-90c2-4303-9c2b-64f4061ceb56	271616db-90c2-4303-9c2b-64f4061ceb56_Q2	271616db-90c2-4303-9c2b-64f4061ceb56_3	That evening
271616db-90c2-4303-9c2b-64f4061ceb56	271616db-90c2-4303-9c2b-64f4061ceb56_Q3	271616db-90c2-4303-9c2b-64f4061ceb56_4	The old man
b93f956f-2256-4c6d-91d2-7675dff455f0	b93f956f-2256-4c6d-91d2-7675dff455f0_Q0	b93f956f-2256-4c6d-91d2-7675dff455f0_0	Chad's dog
b93f956f-2256-4c6d-91d2-7675dff455f0	b93f956f-2256-4c6d-91d2-7675dff455f0_Q1	b93f956f-2256-4c6d-91d2-7675dff455f0_2	a dog trainer
b93f956f-2256-4c6d-91d2-7675dff455f0	b93f956f-2256-4c6d-91d2-7675dff455f0_Q2	b93f956f-2256-4c6d-91d2-7675dff455f0_3	How to behave
b93f956f-2256-4c6d-91d2-7675dff455f0	b93f956f-2256-4c6d-91d2-7675dff455f0_Q3	b93f956f-2256-4c6d-91d2-7675dff455f0_4	He could show off his dog
d869c6d9-4a06-4d94-bf97-dc37167a5520	d869c6d9-4a06-4d94-bf97-dc37167a5520_Q0	d869c6d9-4a06-4d94-bf97-dc37167a5520_0	in his youth
d869c6d9-4a06-4d94-bf97-dc37167a5520	d869c6d9-4a06-4d94-bf97-dc37167a5520_Q1	d869c6d9-4a06-4d94-bf97-dc37167a5520_1	an adult baseball team
d869c6d9-4a06-4d94-bf97-dc37167a5520	d869c6d9-4a06-4d94-bf97-dc37167a5520_Q2	d869c6d9-4a06-4d94-bf97-dc37167a5520_2	He is very competitive
d869c6d9-4a06-4d94-bf97-dc37167a5520	d869c6d9-4a06-4d94-bf97-dc37167a5520_Q3	d869c6d9-4a06-4d94-bf97-dc37167a5520_3	he slid into second base
f7559f25-0358-4f57-b079-dec2199b4ec3	f7559f25-0358-4f57-b079-dec2199b4ec3_Q0	f7559f25-0358-4f57-b079-dec2199b4ec3_0	a house
f7559f25-0358-4f57-b079-dec2199b4ec3	f7559f25-0358-4f57-b079-dec2199b4ec3_Q1	f7559f25-0358-4f57-b079-dec2199b4ec3_1	His roommate
f7559f25-0358-4f57-b079-dec2199b4ec3	f7559f25-0358-4f57-b079-dec2199b4ec3_Q2	f7559f25-0358-4f57-b079-dec2199b4ec3_2	his roommate took his stuff
f7559f25-0358-4f57-b079-dec2199b4ec3	f7559f25-0358-4f57-b079-dec2199b4ec3_Q3	f7559f25-0358-4f57-b079-dec2199b4ec3_4	as fast as he could
1e379d2b-69e8-485e-92ac-4c3daa41e364	1e379d2b-69e8-485e-92ac-4c3daa41e364_Q0	1e379d2b-69e8-485e-92ac-4c3daa41e364_0	a goldfish
1e379d2b-69e8-485e-92ac-4c3daa41e364	1e379d2b-69e8-485e-92ac-4c3daa41e364_Q1	1e379d2b-69e8-485e-92ac-4c3daa41e364_0	the pet store
1e379d2b-69e8-485e-92ac-4c3daa41e364	1e379d2b-69e8-485e-92ac-4c3daa41e364_Q2	1e379d2b-69e8-485e-92ac-4c3daa41e364_2	It ate too much
1e379d2b-69e8-485e-92ac-4c3daa41e364	1e379d2b-69e8-485e-92ac-4c3daa41e364_Q3	1e379d2b-69e8-485e-92ac-4c3daa41e364_4	it got skinnier and healthier
0dd3e2c3-3ea4-450a-97c4-42a54c426018	0dd3e2c3-3ea4-450a-97c4-42a54c426018_Q0	0dd3e2c3-3ea4-450a-97c4-42a54c426018_0	a new job
0dd3e2c3-3ea4-450a-97c4-42a54c426018	0dd3e2c3-3ea4-450a-97c4-42a54c426018_Q1	0dd3e2c3-3ea4-450a-97c4-42a54c426018_2	Her first day of work
0dd3e2c3-3ea4-450a-97c4-42a54c426018	0dd3e2c3-3ea4-450a-97c4-42a54c426018_Q2	0dd3e2c3-3ea4-450a-97c4-42a54c426018_2	An hour late
0dd3e2c3-3ea4-450a-97c4-42a54c426018	0dd3e2c3-3ea4-450a-97c4-42a54c426018_Q3	0dd3e2c3-3ea4-450a-97c4-42a54c426018_4	She did not make a good impression
865db3c4-a253-4d35-8766-25fc7e0a8cfb	865db3c4-a253-4d35-8766-25fc7e0a8cfb_Q0	865db3c4-a253-4d35-8766-25fc7e0a8cfb_0	the amazon
865db3c4-a253-4d35-8766-25fc7e0a8cfb	865db3c4-a253-4d35-8766-25fc7e0a8cfb_Q1	865db3c4-a253-4d35-8766-25fc7e0a8cfb_2	the beauty
865db3c4-a253-4d35-8766-25fc7e0a8cfb	865db3c4-a253-4d35-8766-25fc7e0a8cfb_Q2	865db3c4-a253-4d35-8766-25fc7e0a8cfb_1	The US
865db3c4-a253-4d35-8766-25fc7e0a8cfb	865db3c4-a253-4d35-8766-25fc7e0a8cfb_Q3	865db3c4-a253-4d35-8766-25fc7e0a8cfb_4	She had a wonderful time
88fba119-ccac-4b82-881f-e609e188bebc	88fba119-ccac-4b82-881f-e609e188bebc_Q0	88fba119-ccac-4b82-881f-e609e188bebc_0	a defense attorney
88fba119-ccac-4b82-881f-e609e188bebc	88fba119-ccac-4b82-881f-e609e188bebc_Q1	88fba119-ccac-4b82-881f-e609e188bebc_2	No
88fba119-ccac-4b82-881f-e609e188bebc	88fba119-ccac-4b82-881f-e609e188bebc_Q2	88fba119-ccac-4b82-881f-e609e188bebc_4	Yes
88fba119-ccac-4b82-881f-e609e188bebc	88fba119-ccac-4b82-881f-e609e188bebc_Q3	88fba119-ccac-4b82-881f-e609e188bebc_4	The client goes free
1cc75245-93bd-44cc-b076-8d1b249e1ee5	1cc75245-93bd-44cc-b076-8d1b249e1ee5_Q0	1cc75245-93bd-44cc-b076-8d1b249e1ee5_1	some pizza
1cc75245-93bd-44cc-b076-8d1b249e1ee5	1cc75245-93bd-44cc-b076-8d1b249e1ee5_Q1	1cc75245-93bd-44cc-b076-8d1b249e1ee5_2	Through an online website
1cc75245-93bd-44cc-b076-8d1b249e1ee5	1cc75245-93bd-44cc-b076-8d1b249e1ee5_Q2	1cc75245-93bd-44cc-b076-8d1b249e1ee5_3	a tip
1cc75245-93bd-44cc-b076-8d1b249e1ee5	1cc75245-93bd-44cc-b076-8d1b249e1ee5_Q3	1cc75245-93bd-44cc-b076-8d1b249e1ee5_4	it was burnt
bfa4ef8c-715d-4287-88a5-035611e34e40	bfa4ef8c-715d-4287-88a5-035611e34e40_Q0	bfa4ef8c-715d-4287-88a5-035611e34e40_0	dogs
bfa4ef8c-715d-4287-88a5-035611e34e40	bfa4ef8c-715d-4287-88a5-035611e34e40_Q1	bfa4ef8c-715d-4287-88a5-035611e34e40_1	His girlfriend
bfa4ef8c-715d-4287-88a5-035611e34e40	bfa4ef8c-715d-4287-88a5-035611e34e40_Q2	bfa4ef8c-715d-4287-88a5-035611e34e40_2	with therapy
bfa4ef8c-715d-4287-88a5-035611e34e40	bfa4ef8c-715d-4287-88a5-035611e34e40_Q3	bfa4ef8c-715d-4287-88a5-035611e34e40_3	a few months
210d56ce-a940-4766-9b7b-d086b2c5682d	210d56ce-a940-4766-9b7b-d086b2c5682d_Q0	210d56ce-a940-4766-9b7b-d086b2c5682d_0	he fell down
210d56ce-a940-4766-9b7b-d086b2c5682d	210d56ce-a940-4766-9b7b-d086b2c5682d_Q1	210d56ce-a940-4766-9b7b-d086b2c5682d_1	Yes, his knee was bleeding
210d56ce-a940-4766-9b7b-d086b2c5682d	210d56ce-a940-4766-9b7b-d086b2c5682d_Q2	210d56ce-a940-4766-9b7b-d086b2c5682d_2	With a handkerchief
210d56ce-a940-4766-9b7b-d086b2c5682d	210d56ce-a940-4766-9b7b-d086b2c5682d_Q3	210d56ce-a940-4766-9b7b-d086b2c5682d_4	peroxide and bandages
50357157-3765-40b5-8e32-f86961c98be0	50357157-3765-40b5-8e32-f86961c98be0_Q0	50357157-3765-40b5-8e32-f86961c98be0_0	in another city
50357157-3765-40b5-8e32-f86961c98be0	50357157-3765-40b5-8e32-f86961c98be0_Q1	50357157-3765-40b5-8e32-f86961c98be0_2,50357157-3765-40b5-8e32-f86961c98be0_3	her cousin
50357157-3765-40b5-8e32-f86961c98be0	50357157-3765-40b5-8e32-f86961c98be0_Q2	50357157-3765-40b5-8e32-f86961c98be0_3	Nicole bought her tickets
50357157-3765-40b5-8e32-f86961c98be0	50357157-3765-40b5-8e32-f86961c98be0_Q3	50357157-3765-40b5-8e32-f86961c98be0_4	They went to the concert and had a great time
006536d7-2be3-49a4-a750-769684e952ed	006536d7-2be3-49a4-a750-769684e952ed_Q0	006536d7-2be3-49a4-a750-769684e952ed_0	three in the morning
006536d7-2be3-49a4-a750-769684e952ed	006536d7-2be3-49a4-a750-769684e952ed_Q1	006536d7-2be3-49a4-a750-769684e952ed_1	a scratching sound
006536d7-2be3-49a4-a750-769684e952ed	006536d7-2be3-49a4-a750-769684e952ed_Q2	006536d7-2be3-49a4-a750-769684e952ed_1	the inside of the closet
006536d7-2be3-49a4-a750-769684e952ed	006536d7-2be3-49a4-a750-769684e952ed_Q3	006536d7-2be3-49a4-a750-769684e952ed_4	Their little brother
a111d580-1fb2-4ab1-848a-0856982dfcd5	a111d580-1fb2-4ab1-848a-0856982dfcd5_Q0	a111d580-1fb2-4ab1-848a-0856982dfcd5_0	a bottle of beer
a111d580-1fb2-4ab1-848a-0856982dfcd5	a111d580-1fb2-4ab1-848a-0856982dfcd5_Q1	a111d580-1fb2-4ab1-848a-0856982dfcd5_1	a popping noise
a111d580-1fb2-4ab1-848a-0856982dfcd5	a111d580-1fb2-4ab1-848a-0856982dfcd5_Q2	a111d580-1fb2-4ab1-848a-0856982dfcd5_2	it burst
a111d580-1fb2-4ab1-848a-0856982dfcd5	a111d580-1fb2-4ab1-848a-0856982dfcd5_Q3	a111d580-1fb2-4ab1-848a-0856982dfcd5_4	warm beer
790d9cb4-4832-49e8-8137-331e79a4b9e6	790d9cb4-4832-49e8-8137-331e79a4b9e6_Q0	790d9cb4-4832-49e8-8137-331e79a4b9e6_0	Chistmas
790d9cb4-4832-49e8-8137-331e79a4b9e6	790d9cb4-4832-49e8-8137-331e79a4b9e6_Q1	790d9cb4-4832-49e8-8137-331e79a4b9e6_2	presents
790d9cb4-4832-49e8-8137-331e79a4b9e6	790d9cb4-4832-49e8-8137-331e79a4b9e6_Q2	790d9cb4-4832-49e8-8137-331e79a4b9e6_1	the tree
790d9cb4-4832-49e8-8137-331e79a4b9e6	790d9cb4-4832-49e8-8137-331e79a4b9e6_Q3	790d9cb4-4832-49e8-8137-331e79a4b9e6_3	all of them
e663b977-2af7-4b1d-bd33-352d932f851b	e663b977-2af7-4b1d-bd33-352d932f851b_Q0	e663b977-2af7-4b1d-bd33-352d932f851b_0	her local fast food establishment
e663b977-2af7-4b1d-bd33-352d932f851b	e663b977-2af7-4b1d-bd33-352d932f851b_Q1	e663b977-2af7-4b1d-bd33-352d932f851b_1	No, she hated it
e663b977-2af7-4b1d-bd33-352d932f851b	e663b977-2af7-4b1d-bd33-352d932f851b_Q2	e663b977-2af7-4b1d-bd33-352d932f851b_2	her employees
e663b977-2af7-4b1d-bd33-352d932f851b	e663b977-2af7-4b1d-bd33-352d932f851b_Q3	e663b977-2af7-4b1d-bd33-352d932f851b_3	the cook
375c34c9-3d98-4b2f-9076-404f34ad4e66	375c34c9-3d98-4b2f-9076-404f34ad4e66_Q0	375c34c9-3d98-4b2f-9076-404f34ad4e66_0	his dog was showing aggression
375c34c9-3d98-4b2f-9076-404f34ad4e66	375c34c9-3d98-4b2f-9076-404f34ad4e66_Q1	375c34c9-3d98-4b2f-9076-404f34ad4e66_2	his veterinarian
375c34c9-3d98-4b2f-9076-404f34ad4e66	375c34c9-3d98-4b2f-9076-404f34ad4e66_Q2	375c34c9-3d98-4b2f-9076-404f34ad4e66_3	the dog had a flea infestation
375c34c9-3d98-4b2f-9076-404f34ad4e66	375c34c9-3d98-4b2f-9076-404f34ad4e66_Q3	375c34c9-3d98-4b2f-9076-404f34ad4e66_4	some medication
6ebc8d48-029b-4f00-89b3-773ce802825e	6ebc8d48-029b-4f00-89b3-773ce802825e_Q0	6ebc8d48-029b-4f00-89b3-773ce802825e_0	to the lake
6ebc8d48-029b-4f00-89b3-773ce802825e	6ebc8d48-029b-4f00-89b3-773ce802825e_Q1	6ebc8d48-029b-4f00-89b3-773ce802825e_1	in a nice cabin
6ebc8d48-029b-4f00-89b3-773ce802825e	6ebc8d48-029b-4f00-89b3-773ce802825e_Q2	6ebc8d48-029b-4f00-89b3-773ce802825e_2	they went boating
6ebc8d48-029b-4f00-89b3-773ce802825e	6ebc8d48-029b-4f00-89b3-773ce802825e_Q3	6ebc8d48-029b-4f00-89b3-773ce802825e_4	they decided to buy a lake house
5e76713f-92b2-4a5d-8f8d-510fde45705c	5e76713f-92b2-4a5d-8f8d-510fde45705c_Q0	5e76713f-92b2-4a5d-8f8d-510fde45705c_0	Universal Studios
5e76713f-92b2-4a5d-8f8d-510fde45705c	5e76713f-92b2-4a5d-8f8d-510fde45705c_Q1	5e76713f-92b2-4a5d-8f8d-510fde45705c_1	to go on all the rides
5e76713f-92b2-4a5d-8f8d-510fde45705c	5e76713f-92b2-4a5d-8f8d-510fde45705c_Q2	5e76713f-92b2-4a5d-8f8d-510fde45705c_2	a lot of the characters
5e76713f-92b2-4a5d-8f8d-510fde45705c	5e76713f-92b2-4a5d-8f8d-510fde45705c_Q3	5e76713f-92b2-4a5d-8f8d-510fde45705c_3	three days
712702cc-f042-4ca5-84dc-ada756cc8959	712702cc-f042-4ca5-84dc-ada756cc8959_Q0	712702cc-f042-4ca5-84dc-ada756cc8959_0	to a restaurant
712702cc-f042-4ca5-84dc-ada756cc8959	712702cc-f042-4ca5-84dc-ada756cc8959_Q1	712702cc-f042-4ca5-84dc-ada756cc8959_0	fries
712702cc-f042-4ca5-84dc-ada756cc8959	712702cc-f042-4ca5-84dc-ada756cc8959_Q2	712702cc-f042-4ca5-84dc-ada756cc8959_2	ketchup
712702cc-f042-4ca5-84dc-ada756cc8959	712702cc-f042-4ca5-84dc-ada756cc8959_Q3	712702cc-f042-4ca5-84dc-ada756cc8959_3	No
61550fe1-c17d-4b94-b225-941026bdb68e	61550fe1-c17d-4b94-b225-941026bdb68e_Q0	61550fe1-c17d-4b94-b225-941026bdb68e_0	a new hobby
61550fe1-c17d-4b94-b225-941026bdb68e	61550fe1-c17d-4b94-b225-941026bdb68e_Q1	61550fe1-c17d-4b94-b225-941026bdb68e_1	to the craft store
61550fe1-c17d-4b94-b225-941026bdb68e	61550fe1-c17d-4b94-b225-941026bdb68e_Q2	61550fe1-c17d-4b94-b225-941026bdb68e_2	an amazing masterpiece
61550fe1-c17d-4b94-b225-941026bdb68e	61550fe1-c17d-4b94-b225-941026bdb68e_Q3	61550fe1-c17d-4b94-b225-941026bdb68e_4	in her kitchen
mc500.train.0	mc500.train.0_Q0	mc500.train.0_4	visit some friends
mc500.train.0	mc500.train.0_Q1	mc500.train.0_14	a salad
mc500.train.0	mc500.train.0_Q2	mc500.train.0_15	Kristin
mc500.train.0	mc500.train.0_Q3	mc500.train.0_2	Atlanta
mc500.train.0	mc500.train.0_Q4	mc500.train.0_20	spend time with her friends
mc500.train.0	mc500.train.0_Q5	mc500.train.0_19	they were tired.
mc500.train.0	mc500.train.0_Q6	mc500.train.0_9	the girls
mc500.train.0	mc500.train.0_Q7	mc500.train.0_5	Alyssa
mc500.train.0	mc500.train.0_Q8	mc500.train.0_12	catfish
mc500.train.0	mc500.train.0_Q9	mc500.train.0_15	soup
mc500.train.0	mc500.train.0_Q10	mc500.train.0_11	a restaurant
mc500.train.0	mc500.train.0_Q11	mc500.train.0_8	Ellen's house
mc500.train.0	mc500.train.0_Q12	mc500.train.0_7	some lemonade
mc500.train.0	mc500.train.0_Q13	mc500.train.0_17	went back to Ellen's house | went back to Ellen's house to have fun
mc500.train.0	mc500.train.0_Q14	mc500.train.0_18	yes
mc500.train.0	mc500.train.0_Q15	mc500.train.0_6	yes
mc500.train.0	mc500.train.0_Q16	mc500.train.0_6	swimming and laying out
mc500.train.0	mc500.train.0_Q17	mc500.train.0_0	yes
mc500.train.0	mc500.train.0_Q18	mc500.train.0_3	Miami
mc500.train.0	mc500.train.0_Q19	mc500.train.0_13	catfish
mc500.train.0	mc500.train.0_Q20	mc500.train.0_8	her friends Kristin and Rachel | Kristin and Rachel
mc500.train.0	mc500.train.0_Q21	mc500.train.0_17	to have fun
mc500.train.0	mc500.train.0_Q22	mc500.train.0_5	The beach
mc500.train.0	mc500.train.0_Q23	mc500.train.0_6	her friend Ellen's house | Ellen's house
mc500.train.18	mc500.train.18_Q0	mc500.train.18_0	one morning
mc500.train.18	mc500.train.18_Q1	mc500.train.18_0	went outside to her back yard
mc500.train.18	mc500.train.18_Q2	mc500.train.18_2	bunch of flowers
mc500.train.18	mc500.train.18_Q3	mc500.train.18_4	a lot of different sized flowers
mc500.train.18	mc500.train.18_Q4	mc500.train.18_1	all of the flowers | the flowers | flowers
mc500.train.18	mc500.train.18_Q5	mc500.train.18_3	in her yard
mc500.train.18	mc500.train.18_Q6	mc500.train.18_9	in a new spot that was up higher | in a new spot
mc500.train.18	mc500.train.18_Q7	mc500.train.18_1	because it was Mother's day | because it was Mother's Day and she had to collect flowers before her mom woke up to give to her as a present
mc500.train.18	mc500.train.18_Q8	mc500.train.18_10	excited
mc500.train.18	mc500.train.18_Q9	mc500.train.18_5	small
mc500.train.18	mc500.train.18_Q10	mc500.train.18_7	the flowers
mc500.train.18	mc500.train.18_Q11	mc500.train.18_12	The red one
mc500.train.18	mc500.train.18_Q12	mc500.train.18_10	8:30 AM
mc500.train.18	mc500.train.18_Q13	mc500.train.18_6	string
mc500.train.18	mc500.train.18_Q14	mc500.train.18_1	flowers
mc500.train.18	mc500.train.18_Q15	mc500.train.18_8	Morgan
mc500.train.18	mc500.train.18_Q16	mc500.train.18_8	So Morgan wouldn't find the flowers and eat them
mc500.train.18	mc500.train.18_Q17	mc500.train.18_6	the flowers
mc500.train.18	mc500.train.18_Q18	mc500.train.18_0	her back yard
mc500.train.18	mc500.train.18_Q19	mc500.train.18_5	The red ones
mc500.train.18	mc500.train.18_Q20	mc500.train.18_0	outside to her back yard | outside | to her back yard
mc500.train.18	mc500.train.18_Q21	mc500.train.18_6	she went inside | she went inside and tied them together with a string
mc500.train.23	mc500.train.23_Q0	mc500.train.23_0	Saturday afternoon
mc500.train.23	mc500.train.23_Q1	mc500.train.23_0	Saturday
mc500.train.23	mc500.train.23_Q2	mc500.train.23_5	outside the window
mc500.train.23	mc500.train.23_Q3	mc500.train.23_5	the newspaper
mc500.train.23	mc500.train.23_Q4	mc500.train.23_6	on the front
mc500.train.23	mc500.train.23_Q5	mc500.train.23_1	all day
mc500.train.23	mc500.train.23_Q6	mc500.train.23_8	the story
mc500.train.23	mc500.train.23_Q7	mc500.train.23_9	in town
mc500.train.23	mc500.train.23_Q8	mc500.train.23_10	no
mc500.train.23	mc500.train.23_Q9	mc500.train.23_13	goldfish food | some goldfish food
mc500.train.23	mc500.train.23_Q10	mc500.train.23_16	The people and animals at the circus | The people and animals
mc500.train.23	mc500.train.23_Q11	mc500.train.23_18	lots of peanuts | peanuts
mc500.train.23	mc500.train.23_Q12	mc500.train.23_20	at the circus | the circus
mc500.train.23	mc500.train.23_Q13	mc500.train.23_15	the circus
mc500.train.23	mc500.train.23_Q14	mc500.train.23_5	by the door
mc500.train.23	mc500.train.23_Q15	mc500.train.23_17	the elephant
mc500.train.23	mc500.train.23_Q16	mc500.train.23_16	tricks | lots of tricks
mc500.train.23	mc500.train.23_Q17	mc500.train.23_7	the newspaper
mc500.train.23	mc500.train.23_Q18	mc500.train.23_12	feed his goldfish
mc500.train.23	mc500.train.23_Q19	mc500.train.23_18	Andrew and his dad
mc500.train.23	mc500.train.23_Q20	mc500.train.23_6	a picture of an elephant
mc500.train.25	mc500.train.25_Q0	mc500.train.25_0	by the river
mc500.train.25	mc500.train.25_Q1	mc500.train.25_0	in a beautiful pond | in a beautiful pond by the river
mc500.train.25	mc500.train.25_Q2	mc500.train.25_7	rocks
mc500.train.25	mc500.train.25_Q3	mc500.train.25_3	a new friend | a new friend named Thomas
mc500.train.25	mc500.train.25_Q4	mc500.train.25_1	every day
mc500.train.25	mc500.train.25_Q5	mc500.train.25_1	play in the water
mc500.train.25	mc500.train.25_Q6	mc500.train.25_11	in the water
mc500.train.25	mc500.train.25_Q7	mc500.train.25_11	since they could play in the water | since they could play in the water as much as they wanted
mc500.train.25	mc500.train.25_Q8	mc500.train.25_7	Cindy
mc500.train.25	mc500.train.25_Q9	mc500.train.25_7	Maxine and Thomas.
mc500.train.25	mc500.train.25_Q10	mc500.train.25_8	what happened
mc500.train.25	mc500.train.25_Q11	mc500.train.25_8	Maxine's dad
mc500.train.25	mc500.train.25_Q12	mc500.train.25_9	Maxine's dad
mc500.train.25	mc500.train.25_Q13	mc500.train.25_6	Cindy
mc500.train.25	mc500.train.25_Q14	mc500.train.25_6	one day
mc500.train.25	mc500.train.25_Q15	mc500.train.25_5	Martin, Edgar, and Cindy
mc500.train.25	mc500.train.25_Q16	mc500.train.25_4	take lots of baths
mc500.train.25	mc500.train.25_Q17	mc500.train.25_9	yelled | yelled at Cindy
mc500.train.25	mc500.train.25_Q18	mc500.train.25_3	Thomas
mc500.train.25	mc500.train.25_Q19	mc500.train.25_3	Thomas
mc500.train.25	mc500.train.25_Q20	mc500.train.25_11	Maxine | Maxine and Thomas
mc500.train.111	mc500.train.111_Q0	mc500.train.111_12	a very silly looking dog
mc500.train.111	mc500.train.111_Q1	mc500.train.111_13	thunder
mc500.train.111	mc500.train.111_Q2	mc500.train.111_11	walked
mc500.train.111	mc500.train.111_Q3	mc500.train.111_11	the store
mc500.train.111	mc500.train.111_Q4	mc500.train.111_7	in the kitchen
mc500.train.111	mc500.train.111_Q5	mc500.train.111_9	a napkin
mc500.train.111	mc500.train.111_Q6	mc500.train.111_9	in the trashcan
mc500.train.111	mc500.train.111_Q7	mc500.train.111_1	a flower
mc500.train.111	mc500.train.111_Q8	mc500.train.111_0	his favorite song
mc500.train.111	mc500.train.111_Q9	mc500.train.111_3	in the night sky | in the sky
mc500.train.111	mc500.train.111_Q10	mc500.train.111_4	Will
mc500.train.111	mc500.train.111_Q11	mc500.train.111_5	jam
mc500.train.111	mc500.train.111_Q12	mc500.train.111_6	chicken, gravy, or butter
mc500.train.111	mc500.train.111_Q13	mc500.train.111_15	he didn't have to get wet
mc500.train.111	mc500.train.111_Q14	mc500.train.111_10	it started to rain
fables-01	fables-01_Q1	fables-01_0	on a branch of a tree
fables-01	fables-01_Q10	fables-01_0	a Fox
fables-01	fables-01_Q11	fables-01_0	a Fox
fables-01	fables-01_Q12	fables-01_2	the beauty of the bird was incomparable
fables-01	fables-01_Q13	fables-01_4	loudly
fables-01	fables-01_Q14	fables-01_0	the crow
fables-01	fables-01_Q15	fables-01_0	a fox
fables-01	fables-01_Q16	fables-01_5	The crow
fables-01	fables-01_Q17	fables-01_0	the crow
fables-01	fables-01_Q18	fables-01_4	The crow
fables-01	fables-01_Q2	fables-01_0	a piece of cheese
fables-01	fables-01_Q3	fables-01_0	A Fox and A Crow
fables-01	fables-01_Q4	fables-01_5	snatched | tried to discover how to get the cheese
fables-01	fables-01_Q5	fables-01_1	under the tree
fables-01	fables-01_Q6	fables-01_4	Flattered | that the fox had flattered her
fables-01	fables-01_Q7	fables-01_4	The fox
fables-01	fables-01_Q8	fables-01_0	sitting on the branch of a tree
fables-01	fables-01_Q9	fables-01_0	in the beak of the crow
fables-02	fables-02_Q1	fables-02_0	a fat bull
fables-02	fables-02_Q10	fables-02_0	because the lion feared sharp horns of the bull
fables-02	fables-02_Q11	fables-02_0	sharp horns of the bull
fables-02	fables-02_Q12	fables-02_5	horns
fables-02	fables-02_Q13	fables-02_0	a lion
fables-02	fables-02_Q14	fables-02_0	because the lion wanted to eat the bull
fables-02	fables-02_Q15	fables-02_7	to remove the horns of the bull
fables-02	fables-02_Q16	fables-02_5	because the horns of the bull was ugly
fables-02	fables-02_Q17	fables-02_1	to attempt to kill the bull
fables-02	fables-02_Q18	fables-02_0	the bull
fables-02	fables-02_Q19	fables-02_0	The bull
fables-02	fables-02_Q2	fables-02_8	the bull
fables-02	fables-02_Q20	fables-02_0	because the lion feared sharp the horns of the bull.
fables-02	fables-02_Q21	fables-02_8	the bull
fables-02	fables-02_Q22	fables-02_8	the bull
fables-02	fables-02_Q23	fables-02_8	the lion
fables-02	fables-02_Q3	fables-02_0	in a meadow
fables-02	fables-02_Q4	fables-02_0	the bull
fables-02	fables-02_Q5	fables-02_0	a lion
fables-02	fables-02_Q6	fables-02_2	that the lion was friendly
fables-02	fables-02_Q7	fables-02_0	a lion and a bull
fables-02	fables-02_Q8	fables-02_8	the bull
fables-02	fables-02_Q9	fables-02_0	to eat the bull
fables-03	fables-03_Q1	fables-03_0	an eagle an a serpent
fables-03	fables-03_Q10	fables-03_4	the ground
fables-03	fables-03_Q11	fables-03_4	his exertions
fables-03	fables-03_Q12	fables-03_3	spat some of his poison into the man's drinking-horn
fables-03	fables-03_Q13	fables-03_0	an Eagle
fables-03	fables-03_Q14	fables-03_1	The serpent
fables-03	fables-03_Q15	fables-03_2	a countryman
fables-03	fables-03_Q16	fables-03_2	a countryman
fables-03	fables-03_Q17	fables-03_3	a drinking vessel
fables-03	fables-03_Q18	fables-03_2	a countryman
fables-03	fables-03_Q19	fables-03_2	the serpent
fables-03	fables-03_Q2	fables-03_0	an eagle
fables-03	fables-03_Q20	fables-03_3	some poison | some of his poison
fables-03	fables-03_Q21	fables-03_4	the eagle
fables-03	fables-03_Q22	fables-03_0	An eagle
fables-03	fables-03_Q23	fables-03_1	an eagle
fables-03	fables-03_Q24	fables-03_0	A serpent
fables-03	fables-03_Q25	fables-03_1	the eagle
fables-03	fables-03_Q26	fables-03_2	The countryman
fables-03	fables-03_Q27	fables-03_3	The drinking vessel
fables-03	fables-03_Q3	fables-03_0	his talons
fables-03	fables-03_Q4	fables-03_2	a countryman
fables-03	fables-03_Q5	fables-03_3	some poison | some of his poison
fables-03	fables-03_Q6	fables-03_3	into the man's drinking-horn | in the drinking vessel of the countryman
fables-03	fables-03_Q7	fables-03_4	to sip from the drinking vessel
fables-03	fables-03_Q8	fables-03_4	the eagle
fables-03	fables-03_Q9	fables-03_4	the drinking vessel
fables-04	fables-04_Q1	fables-04_0	a stork
fables-04	fables-04_Q10	fables-04_1	the stork
fables-04	fables-04_Q11	fables-04_3	long and narrow
fables-04	fables-04_Q12	fables-04_2	the fox
fables-04	fables-04_Q13	fables-04_0	a flat and large dish
fables-04	fables-04_Q14	fables-04_1	the stork
fables-04	fables-04_Q15	fables-04_1	The stork
fables-04	fables-04_Q16	fables-04_0	some soup in a flat and large dish
fables-04	fables-04_Q17	fables-04_1	The stork
fables-04	fables-04_Q2	fables-04_0	a large flat dish of soup
fables-04	fables-04_Q3	fables-04_0	in a flat and large dish
fables-04	fables-04_Q4	fables-04_0	a fox and a stork
fables-04	fables-04_Q5	fables-04_1	lapped the soup with relish | served some
fables-04	fables-04_Q6	fables-04_4	because he wasn't able to reach some food that was in the pitcher
fables-04	fables-04_Q7	fables-04_3	the long and narrow neck of the pitcher
fables-04	fables-04_Q8	fables-04_4	for it was impossible for him to reach the tempting contents of the vessel
fables-04	fables-04_Q9	fables-04_1	broth
fables-05	fables-05_Q1	fables-05_0	a Fox
fables-05	fables-05_Q10	fables-05_1	the agriculturist
fables-05	fables-05_Q11	fables-05_1	the agriculturist
fables-05	fables-05_Q12	fables-05_2	because the fox ran into a field
fables-05	fables-05_Q13	fables-05_3	the corn
fables-05	fables-05_Q14	fables-05_0	The fox
fables-05	fables-05_Q15	fables-05_1	the fiber
fables-05	fables-05_Q16	fables-05_1	the fox
fables-05	fables-05_Q2	fables-05_2	the fields where the corn was standing ripe and ready for cutting | the fields
fables-05	fables-05_Q3	fables-05_3	the Farmer
fables-05	fables-05_Q4	fables-05_1	an agriculturist
fables-05	fables-05_Q5	fables-05_1	the tail of the fox
fables-05	fables-05_Q6	fables-05_1	the agriculturist
fables-05	fables-05_Q7	fables-05_3	the corn
fables-05	fables-05_Q8	fables-05_3	the agriculturist
fables-05	fables-05_Q9	fables-05_3	all his harvest
fables-06	fables-06_Q1	fables-06_0	in a lair | in his lair
fables-06	fables-06_Q10	fables-06_0	a mouse
fables-06	fables-06_Q11	fables-06_6	in order to catch a big game
fables-06	fables-06_Q12	fables-06_2	the mouse
fables-06	fables-06_Q13	fables-06_6	To the lion
fables-06	fables-06_Q14	fables-06_6	his roars of anger |the voice of the lion
fables-06	fables-06_Q15	fables-06_7	its teeth
fables-06	fables-06_Q16	fables-06_4	the lion
fables-06	fables-06_Q17	fables-06_7	the mouse
fables-06	fables-06_Q18	fables-06_2	It didn't want to die
fables-06	fables-06_Q19	fables-06_6	the lion
fables-06	fables-06_Q2	fables-06_2	the Mouse
fables-06	fables-06_Q20	fables-06_6	some net
fables-06	fables-06_Q21	fables-06_1	the lion
fables-06	fables-06_Q22	fables-06_1	its paw
fables-06	fables-06_Q23	fables-06_7	the ropes
fables-06	fables-06_Q24	fables-06_7	its teeth
fables-06	fables-06_Q25	fables-06_3	the mouse
fables-06	fables-06_Q26	fables-06_6	the voice of the lion
fables-06	fables-06_Q27	fables-06_1	the mouse
fables-06	fables-06_Q28	fables-06_0	because a mouse ran into the face of the lion.
fables-06	fables-06_Q3	fables-06_4	The idea of so insignificant a creature ever being able to do anything for him
fables-06	fables-06_Q4	fables-06_6	a net which had been spread for game by some hunters
fables-06	fables-06_Q5	fables-06_6	the Mouse
fables-06	fables-06_Q6	fables-06_0	because a mouse ran into the face of the lion
fables-06	fables-06_Q7	fables-06_6	a trapper
fables-06	fables-06_Q8	fables-06_6	the lion
fables-06	fables-06_Q9	fables-06_7	the rope of the net